{"cameraMode":{"drawMode":0,"name":"Shaded","section":"Shading Mode"},"sceneLighting":false,"audioPlay":false,"sceneViewState":{"showFog":true,"showMaterialUpdate":false,"showSkybox":false,"showFlares":true,"showImageEffects":true,"showParticleSystems":true},"in2DMode":false,"pivot":{"x":-3.3065097332000734,"y":5.949649333953857,"z":223.2043914794922},"rotation":{"x":0.07341378182172775,"y":-0.023637428879737855,"z":0.0017427061684429646,"w":0.9970309734344482},"size":1.6500000953674317,"orthographic":false}