{"cameraMode":{"drawMode":0,"name":"Shaded","section":"Shading Mode"},"sceneLighting":true,"audioPlay":false,"sceneViewState":{"showFog":true,"showMaterialUpdate":false,"showSkybox":true,"showFlares":true,"showImageEffects":true,"showParticleSystems":true},"in2DMode":false,"pivot":{"x":4.865195274353027,"y":7.403348922729492,"z":-7.536710739135742},"rotation":{"x":0.03299424424767494,"y":0.0017956856172531844,"z":-0.000057036118960240856,"w":0.9994656443595886},"size":21.575881958007814,"orthographic":false}