{"cameraMode":{"drawMode":0,"name":"Shaded","section":"Shading Mode"},"sceneLighting":true,"audioPlay":false,"sceneViewState":{"showFog":true,"showMaterialUpdate":false,"showSkybox":true,"showFlares":true,"showImageEffects":true,"showParticleSystems":true},"in2DMode":false,"pivot":{"x":-1.5838713645935059,"y":1.6665139198303223,"z":109.93666076660156},"rotation":{"x":-0.03898924961686134,"y":-0.008696998469531536,"z":-0.000337314500939101,"w":0.9992129802703857},"size":1.1369643211364747,"orthographic":false}