{"cameraMode":{"drawMode":0,"name":"Shaded","section":"Shading Mode"},"sceneLighting":true,"audioPlay":false,"sceneViewState":{"showFog":true,"showMaterialUpdate":false,"showSkybox":true,"showFlares":true,"showImageEffects":true,"showParticleSystems":true},"in2DMode":false,"pivot":{"x":0.9502993822097778,"y":0.3218758702278137,"z":4.174559593200684},"rotation":{"x":0.07341378182172775,"y":-0.023637428879737855,"z":0.0017427061684429646,"w":0.9970309734344482},"size":11.879005432128907,"orthographic":false}