{"cameraMode":{"drawMode":0,"name":"Shaded","section":"Shading Mode"},"sceneLighting":false,"audioPlay":false,"sceneViewState":{"showFog":true,"showMaterialUpdate":false,"showSkybox":false,"showFlares":true,"showImageEffects":true,"showParticleSystems":true},"in2DMode":false,"pivot":{"x":-9.5367431640625e-7,"y":0.6739900708198547,"z":5.883462905883789},"rotation":{"x":0.03279031068086624,"y":0.1110076978802681,"z":-0.003662299830466509,"w":0.9932841062545776},"size":2.416215419769287,"orthographic":false}