{"cameraMode":{"drawMode":0,"name":"Shaded","section":"Shading Mode"},"sceneLighting":true,"audioPlay":false,"sceneViewState":{"showFog":true,"showMaterialUpdate":false,"showSkybox":true,"showFlares":true,"showImageEffects":true,"showParticleSystems":true},"in2DMode":false,"pivot":{"x":0.16395573318004609,"y":0.8090330362319946,"z":-0.9363926649093628},"rotation":{"x":0.013615678995847702,"y":-0.7156237363815308,"z":0.01395762525498867,"w":0.6982263326644898},"size":0.4979959726333618,"orthographic":false}