{"cameraMode":{"drawMode":0,"name":"Shaded","section":"Shading Mode"},"sceneLighting":false,"audioPlay":false,"sceneViewState":{"showFog":true,"showMaterialUpdate":false,"showSkybox":false,"showFlares":true,"showImageEffects":true,"showParticleSystems":true},"in2DMode":false,"pivot":{"x":0.0000023543834686279298,"y":1.559975266456604,"z":0.016342580318450929},"rotation":{"x":0.0029973445925861599,"y":-0.040192387998104098,"z":0.000122908124467358,"w":0.9991980195045471},"size":6.0405378341674809,"orthographic":false}