{"cameraMode":{"drawMode":0,"name":"Shaded","section":"Shading Mode"},"sceneLighting":false,"audioPlay":false,"sceneViewState":{"showFog":true,"showMaterialUpdate":false,"showSkybox":false,"showFlares":true,"showImageEffects":true,"showParticleSystems":true},"in2DMode":false,"pivot":{"x":0.020999997854232789,"y":0.7347181439399719,"z":0.17000000178813935},"rotation":{"x":0.07341378182172775,"y":-0.023637428879737855,"z":0.0017427061684429646,"w":0.9970309734344482},"size":0.5715768337249756,"orthographic":false}