{"cameraMode":{"drawMode":0,"name":"Shaded","section":"Shading Mode"},"sceneLighting":false,"audioPlay":false,"sceneViewState":{"showFog":true,"showMaterialUpdate":false,"showSkybox":false,"showFlares":true,"showImageEffects":true,"showParticleSystems":true},"in2DMode":false,"pivot":{"x":0.0,"y":0.9285773634910584,"z":6.859539985656738},"rotation":{"x":0.07341378182172775,"y":-0.023637428879737855,"z":0.0017427061684429646,"w":0.9970309734344482},"size":8.641770362854004,"orthographic":false}