{"cameraMode":{"drawMode":0,"name":"Shaded","section":"Shading Mode"},"sceneLighting":false,"audioPlay":false,"sceneViewState":{"showFog":true,"showMaterialUpdate":false,"showSkybox":false,"showFlares":true,"showImageEffects":true,"showParticleSystems":true},"in2DMode":false,"pivot":{"x":2.4000000953674318,"y":0.7261621952056885,"z":-3.309567451477051},"rotation":{"x":-0.055462297052145007,"y":0.018580829724669458,"z":-0.0010354836704209447,"w":-0.9982979893684387},"size":4.633643627166748,"orthographic":false}